,feature,importance
69,value__quantile__q_0.1,0.0958434177863441
70,value__quantile__q_0.2,0.06930527355154201
141,"value__cwt_coefficients__coeff_11__w_5__widths_(2, 5, 10, 20)",0.056494780231572075
220,"value__change_quantiles__f_agg_""mean""__isabs_True__qh_0.8__ql_0.6",0.034624090026741695
632,value__range_count__max_1__min_-1,0.033722222670361394
154,"value__cwt_coefficients__coeff_14__w_10__widths_(2, 5, 10, 20)",0.030793704043762058
219,"value__change_quantiles__f_agg_""var""__isabs_False__qh_0.8__ql_0.6",0.025309408385679757
16,value__absolute_sum_of_changes,0.021203084528854464
159,value__ar_coefficient__coeff_0__k_10,0.019211544720428814
692,value__mean_n_absolute_max__number_of_maxima_7,0.018846764225131478
215,"value__change_quantiles__f_agg_""var""__isabs_False__qh_1.0__ql_0.4",0.014310920724662909
509,"value__fft_coefficient__attr_""abs""__coeff_80",0.013264485639040575
649,"value__agg_linear_trend__attr_""intercept""__chunk_len_50__f_agg_""min""",0.012833516984047224
635,value__approximate_entropy__m_2__r_0.5,0.012271890691687921
145,"value__cwt_coefficients__coeff_12__w_5__widths_(2, 5, 10, 20)",0.01116931134651552
5,value__mean_abs_change,0.011131016706104287
382,"value__fft_coefficient__attr_""imag""__coeff_53",0.01026291899767429
221,"value__change_quantiles__f_agg_""var""__isabs_True__qh_0.8__ql_0.6",0.0095052489147068
87,value__binned_entropy__max_bins_10,0.008946944660327914
32,value__absolute_maximum,0.008346083895581046
208,"value__change_quantiles__f_agg_""mean""__isabs_True__qh_0.6__ql_0.4",0.008280655319322053
659,"value__agg_linear_trend__attr_""slope""__chunk_len_10__f_agg_""var""",0.007986653852300156
133,"value__cwt_coefficients__coeff_9__w_5__widths_(2, 5, 10, 20)",0.007952377340788689
432,"value__fft_coefficient__attr_""abs""__coeff_3",0.007851999864846497
438,"value__fft_coefficient__attr_""abs""__coeff_9",0.007843159242913079
362,"value__fft_coefficient__attr_""imag""__coeff_33",0.007760127891542936
74,value__quantile__q_0.7,0.007625515585892479
496,"value__fft_coefficient__attr_""abs""__coeff_67",0.00759451459531404
275,"value__fft_coefficient__attr_""real""__coeff_45",0.0074983770779932755
252,"value__fft_coefficient__attr_""real""__coeff_22",0.007439152988468971
237,"value__fft_coefficient__attr_""real""__coeff_7",0.007383163476296482
338,"value__fft_coefficient__attr_""imag""__coeff_9",0.007341653896814092
136,"value__cwt_coefficients__coeff_10__w_2__widths_(2, 5, 10, 20)",0.0072690828613723325
24,value__first_location_of_minimum,0.0072353894321170965
72,value__quantile__q_0.4,0.007193040628037045
360,"value__fft_coefficient__attr_""imag""__coeff_31",0.0070101247963718855
193,"value__change_quantiles__f_agg_""var""__isabs_True__qh_0.4__ql_0.2",0.0069915961398939516
150,"value__cwt_coefficients__coeff_13__w_10__widths_(2, 5, 10, 20)",0.006950075721387259
251,"value__fft_coefficient__attr_""real""__coeff_21",0.006488257123290895
499,"value__fft_coefficient__attr_""abs""__coeff_70",0.006486714238705427
10,value__standard_deviation,0.006476144102694263
394,"value__fft_coefficient__attr_""imag""__coeff_65",0.006267322436367657
325,"value__fft_coefficient__attr_""real""__coeff_95",0.006223351577040507
278,"value__fft_coefficient__attr_""real""__coeff_48",0.006203187757209234
433,"value__fft_coefficient__attr_""abs""__coeff_4",0.0061031786980567035
645,"value__agg_linear_trend__attr_""intercept""__chunk_len_10__f_agg_""min""",0.006074648711828544
71,value__quantile__q_0.3,0.006017827908044644
183,"value__change_quantiles__f_agg_""var""__isabs_False__qh_0.8__ql_0.0",0.005893261327206521
367,"value__fft_coefficient__attr_""imag""__coeff_38",0.005803759423505274
395,"value__fft_coefficient__attr_""imag""__coeff_66",0.005715597865069672
323,"value__fft_coefficient__attr_""real""__coeff_93",0.0056933834795394505
643,"value__agg_linear_trend__attr_""intercept""__chunk_len_5__f_agg_""var""",0.005628578844910641
597,"value__fft_coefficient__attr_""angle""__coeff_69",0.004805547714499148
578,"value__fft_coefficient__attr_""angle""__coeff_50",0.004641752282381405
473,"value__fft_coefficient__attr_""abs""__coeff_44",0.0044061675509812865
228,"value__change_quantiles__f_agg_""mean""__isabs_True__qh_1.0__ql_0.8",0.0042946977806517985
501,"value__fft_coefficient__attr_""abs""__coeff_72",0.004028004045541593
629,"value__fft_aggregated__aggtype_""variance""",0.004027769287149462
297,"value__fft_coefficient__attr_""real""__coeff_67",0.0039663131139634445
249,"value__fft_coefficient__attr_""real""__coeff_19",0.00395935243743553
280,"value__fft_coefficient__attr_""real""__coeff_50",0.0038417559778107374
270,"value__fft_coefficient__attr_""real""__coeff_40",0.00380918291214072
223,"value__change_quantiles__f_agg_""var""__isabs_False__qh_1.0__ql_0.6",0.0034692666096241224
409,"value__fft_coefficient__attr_""imag""__coeff_80",0.00336807964837649
140,"value__cwt_coefficients__coeff_11__w_2__widths_(2, 5, 10, 20)",0.003308236245613383
116,"value__cwt_coefficients__coeff_5__w_2__widths_(2, 5, 10, 20)",0.003124848271782479
682,value__lempel_ziv_complexity__bins_2,0.0031237745577031434
91,value__index_mass_quantile__q_0.4,0.0030954597576132287
528,"value__fft_coefficient__attr_""abs""__coeff_99",0.00301060701388823
165,value__ar_coefficient__coeff_6__k_10,0.002966159243640029
566,"value__fft_coefficient__attr_""angle""__coeff_38",0.0028064158582865955
298,"value__fft_coefficient__attr_""real""__coeff_68",0.0027498093897972004
302,"value__fft_coefficient__attr_""real""__coeff_72",0.0025784279195417217
263,"value__fft_coefficient__attr_""real""__coeff_33",0.002559126703750711
108,"value__cwt_coefficients__coeff_3__w_2__widths_(2, 5, 10, 20)",0.002539666568017262
572,"value__fft_coefficient__attr_""angle""__coeff_44",0.0025245480298739667
550,"value__fft_coefficient__attr_""angle""__coeff_22",0.0024283564713804247
683,value__lempel_ziv_complexity__bins_3,0.00236704342456905
277,"value__fft_coefficient__attr_""real""__coeff_47",0.0023029010243776635
581,"value__fft_coefficient__attr_""angle""__coeff_53",0.0022939285355195625
553,"value__fft_coefficient__attr_""angle""__coeff_25",0.002242952462957414
675,value__energy_ratio_by_chunks__num_segments_10__segment_focus_9,0.002215214659411972
484,"value__fft_coefficient__attr_""abs""__coeff_55",0.0022041993108956053
537,"value__fft_coefficient__attr_""angle""__coeff_9",0.002185535088515468
327,"value__fft_coefficient__attr_""real""__coeff_97",0.0021832680640495286
355,"value__fft_coefficient__attr_""imag""__coeff_26",0.002113482745672534
242,"value__fft_coefficient__attr_""real""__coeff_12",0.002070657960423074
615,"value__fft_coefficient__attr_""angle""__coeff_87",0.0020677594435542655
544,"value__fft_coefficient__attr_""angle""__coeff_16",0.002044049278972903
521,"value__fft_coefficient__attr_""abs""__coeff_92",0.002013904229456121
196,"value__change_quantiles__f_agg_""mean""__isabs_True__qh_0.6__ql_0.2",0.0020108769307348854
555,"value__fft_coefficient__attr_""angle""__coeff_27",0.0020094058098333056
460,"value__fft_coefficient__attr_""abs""__coeff_31",0.001986226260402648
203,"value__change_quantiles__f_agg_""var""__isabs_False__qh_1.0__ql_0.2",0.0019804013698264977
169,value__ar_coefficient__coeff_10__k_10,0.0019455305169980102
15,value__root_mean_square,0.0019224883244732928
416,"value__fft_coefficient__attr_""imag""__coeff_87",0.0019181648384418006
8,value__median,0.001915374543445488
408,"value__fft_coefficient__attr_""imag""__coeff_79",0.0019009420890158599
335,"value__fft_coefficient__attr_""imag""__coeff_6",0.0018987757195651509
601,"value__fft_coefficient__attr_""angle""__coeff_73",0.0018657008793267719
617,"value__fft_coefficient__attr_""angle""__coeff_89",0.0018598698579993507
326,"value__fft_coefficient__attr_""real""__coeff_96",0.0018348354170450553
667,value__energy_ratio_by_chunks__num_segments_10__segment_focus_1,0.0018186128262967101
142,"value__cwt_coefficients__coeff_11__w_10__widths_(2, 5, 10, 20)",0.0018066852660098306
383,"value__fft_coefficient__attr_""imag""__coeff_54",0.0018022164751540493
445,"value__fft_coefficient__attr_""abs""__coeff_16",0.001746933377983189
256,"value__fft_coefficient__attr_""real""__coeff_26",0.0017312963216028186
117,"value__cwt_coefficients__coeff_5__w_5__widths_(2, 5, 10, 20)",0.0017182580323440578
296,"value__fft_coefficient__attr_""real""__coeff_66",0.0017099308036323476
596,"value__fft_coefficient__attr_""angle""__coeff_68",0.0016946272575917441
410,"value__fft_coefficient__attr_""imag""__coeff_81",0.0016671278831604176
224,"value__change_quantiles__f_agg_""mean""__isabs_True__qh_1.0__ql_0.6",0.001665625800622355
579,"value__fft_coefficient__attr_""angle""__coeff_51",0.00165242920874357
439,"value__fft_coefficient__attr_""abs""__coeff_10",0.0016455442688821265
106,"value__cwt_coefficients__coeff_2__w_10__widths_(2, 5, 10, 20)",0.0016049677365345138
90,value__index_mass_quantile__q_0.3,0.001599206529039818
660,"value__agg_linear_trend__attr_""slope""__chunk_len_50__f_agg_""max""",0.0015375151503455007
589,"value__fft_coefficient__attr_""angle""__coeff_61",0.001536413018288323
162,value__ar_coefficient__coeff_3__k_10,0.0015269835371552836
147,"value__cwt_coefficients__coeff_12__w_20__widths_(2, 5, 10, 20)",0.0014754346749361012
379,"value__fft_coefficient__attr_""imag""__coeff_50",0.0014067628103415133
661,"value__agg_linear_trend__attr_""slope""__chunk_len_50__f_agg_""min""",0.0014037658361455469
527,"value__fft_coefficient__attr_""abs""__coeff_98",0.001383170377248427
37,value__time_reversal_asymmetry_statistic__lag_3,0.001366680955507401
306,"value__fft_coefficient__attr_""real""__coeff_76",0.0013430916578394108
241,"value__fft_coefficient__attr_""real""__coeff_11",0.0013285840453937886
376,"value__fft_coefficient__attr_""imag""__coeff_47",0.0013262219346124647
39,value__c3__lag_2,0.0012730957792044582
148,"value__cwt_coefficients__coeff_13__w_2__widths_(2, 5, 10, 20)",0.001270300921857667
415,"value__fft_coefficient__attr_""imag""__coeff_86",0.001260934504327053
612,"value__fft_coefficient__attr_""angle""__coeff_84",0.0012512663657163674
329,"value__fft_coefficient__attr_""real""__coeff_99",0.0011771801563507348
493,"value__fft_coefficient__attr_""abs""__coeff_64",0.00117489729007304
25,value__percentage_of_reoccurring_values_to_all_values,0.0011638815667660823
684,value__lempel_ziv_complexity__bins_5,0.0011487355760437497
560,"value__fft_coefficient__attr_""angle""__coeff_32",0.0011305784560230814
584,"value__fft_coefficient__attr_""angle""__coeff_56",0.000939272974378926
112,"value__cwt_coefficients__coeff_4__w_2__widths_(2, 5, 10, 20)",0.0009264488177305857
287,"value__fft_coefficient__attr_""real""__coeff_57",0.0009169375453291352
462,"value__fft_coefficient__attr_""abs""__coeff_33",0.0009130089712964155
674,value__energy_ratio_by_chunks__num_segments_10__segment_focus_8,0.0008730243727043661
67,value__large_standard_deviation__r_0.30000000000000004,0.0008597505532624297
153,"value__cwt_coefficients__coeff_14__w_5__widths_(2, 5, 10, 20)",0.0008537158794176702
457,"value__fft_coefficient__attr_""abs""__coeff_28",0.0008412119897870992
308,"value__fft_coefficient__attr_""real""__coeff_78",0.0008295283002724022
189,"value__change_quantiles__f_agg_""var""__isabs_True__qh_1.0__ql_0.0",0.0008248790012540792
321,"value__fft_coefficient__attr_""real""__coeff_91",0.0008072196551392256
482,"value__fft_coefficient__attr_""abs""__coeff_53",0.000800304072012868
113,"value__cwt_coefficients__coeff_4__w_5__widths_(2, 5, 10, 20)",0.0007881815869581755
166,value__ar_coefficient__coeff_7__k_10,0.0007851331730240697
456,"value__fft_coefficient__attr_""abs""__coeff_27",0.0007701596139270061
322,"value__fft_coefficient__attr_""real""__coeff_92",0.000762441446335372
227,"value__change_quantiles__f_agg_""var""__isabs_False__qh_1.0__ql_0.8",0.0007614062772363172
4,value__abs_energy,0.0007087793919905416
671,value__energy_ratio_by_chunks__num_segments_10__segment_focus_5,0.0006959401763219883
575,"value__fft_coefficient__attr_""angle""__coeff_47",0.0006827906606507215
590,"value__fft_coefficient__attr_""angle""__coeff_62",0.000675859411839177
551,"value__fft_coefficient__attr_""angle""__coeff_23",0.0006752745594182513
398,"value__fft_coefficient__attr_""imag""__coeff_69",0.0006734204920304285
93,value__index_mass_quantile__q_0.7,0.0006562277182116876
673,value__energy_ratio_by_chunks__num_segments_10__segment_focus_7,0.0006534588607990875
486,"value__fft_coefficient__attr_""abs""__coeff_57",0.0006397873671043116
404,"value__fft_coefficient__attr_""imag""__coeff_75",0.0006255341963701231
561,"value__fft_coefficient__attr_""angle""__coeff_33",0.0006197266856485985
271,"value__fft_coefficient__attr_""real""__coeff_41",0.0006142513225369647
494,"value__fft_coefficient__attr_""abs""__coeff_65",0.0005897603415002577
82,value__number_peaks__n_1,0.0005830835832039083
83,value__number_peaks__n_3,0.0005683972769188601
436,"value__fft_coefficient__attr_""abs""__coeff_7",0.0005673319961733608
451,"value__fft_coefficient__attr_""abs""__coeff_22",0.000550014408335416
168,value__ar_coefficient__coeff_9__k_10,0.0005494774069606808
304,"value__fft_coefficient__attr_""real""__coeff_74",0.0005447489669416439
239,"value__fft_coefficient__attr_""real""__coeff_9",0.0005375724100792779
603,"value__fft_coefficient__attr_""angle""__coeff_75",0.0005322239645677599
424,"value__fft_coefficient__attr_""imag""__coeff_95",0.0005289426548950923
519,"value__fft_coefficient__attr_""abs""__coeff_90",0.0005266205189739072
101,"value__cwt_coefficients__coeff_1__w_5__widths_(2, 5, 10, 20)",0.0005222179194378549
198,"value__change_quantiles__f_agg_""mean""__isabs_False__qh_0.8__ql_0.2",0.0005187673268419618
627,"value__fft_coefficient__attr_""angle""__coeff_99",0.0005110486068291092
31,value__maximum,0.0005086465566330833
201,"value__change_quantiles__f_agg_""var""__isabs_True__qh_0.8__ql_0.2",0.0004920633501302411
431,"value__fft_coefficient__attr_""abs""__coeff_2",0.00047518746756019473
86,value__number_peaks__n_50,0.0004734436910168719
480,"value__fft_coefficient__attr_""abs""__coeff_51",0.0004725756126155287
164,value__ar_coefficient__coeff_5__k_10,0.00047231034851541784
466,"value__fft_coefficient__attr_""abs""__coeff_37",0.0004427261435576788
435,"value__fft_coefficient__attr_""abs""__coeff_6",0.00043796143070306095
104,"value__cwt_coefficients__coeff_2__w_2__widths_(2, 5, 10, 20)",0.00043235244532547495
94,value__index_mass_quantile__q_0.8,0.00041847398376629097
593,"value__fft_coefficient__attr_""angle""__coeff_65",0.0004154837531989402
314,"value__fft_coefficient__attr_""real""__coeff_84",0.00041520737013133857
573,"value__fft_coefficient__attr_""angle""__coeff_45",0.00041273194607759555
92,value__index_mass_quantile__q_0.6,0.00041122668136816463
281,"value__fft_coefficient__attr_""real""__coeff_51",0.00040015263610372815
17,value__longest_strike_below_mean,0.0003930819232350291
334,"value__fft_coefficient__attr_""imag""__coeff_5",0.00039306859661743303
437,"value__fft_coefficient__attr_""abs""__coeff_8",0.0003650327372709914
539,"value__fft_coefficient__attr_""angle""__coeff_11",0.0003635088570224678
495,"value__fft_coefficient__attr_""abs""__coeff_66",0.00036280162645661645
558,"value__fft_coefficient__attr_""angle""__coeff_30",0.00036150522039535504
407,"value__fft_coefficient__attr_""imag""__coeff_78",0.0003606743838356655
361,"value__fft_coefficient__attr_""imag""__coeff_32",0.00035614971202721854
363,"value__fft_coefficient__attr_""imag""__coeff_34",0.00035308058257805413
264,"value__fft_coefficient__attr_""real""__coeff_34",0.00035241664342766676
624,"value__fft_coefficient__attr_""angle""__coeff_96",0.0003448842764467119
450,"value__fft_coefficient__attr_""abs""__coeff_21",0.0003396391708736339
370,"value__fft_coefficient__attr_""imag""__coeff_41",0.0003351833315846699
309,"value__fft_coefficient__attr_""real""__coeff_79",0.00033363024870411326
226,"value__change_quantiles__f_agg_""mean""__isabs_False__qh_1.0__ql_0.8",0.00033253992826424625
231,"value__fft_coefficient__attr_""real""__coeff_1",0.0003321687839429176
599,"value__fft_coefficient__attr_""angle""__coeff_71",0.0003285545098036105
591,"value__fft_coefficient__attr_""angle""__coeff_63",0.00032211840842604557
267,"value__fft_coefficient__attr_""real""__coeff_37",0.0003151126283569338
375,"value__fft_coefficient__attr_""imag""__coeff_46",0.0003046254304560643
469,"value__fft_coefficient__attr_""abs""__coeff_40",0.0003013264582175146
348,"value__fft_coefficient__attr_""imag""__coeff_19",0.0002894604822565539
413,"value__fft_coefficient__attr_""imag""__coeff_84",0.0002887213034364654
21,value__last_location_of_maximum,0.00028620774410425225
255,"value__fft_coefficient__attr_""real""__coeff_25",0.0002831049056047926
602,"value__fft_coefficient__attr_""angle""__coeff_74",0.00027867199642066617
621,"value__fft_coefficient__attr_""angle""__coeff_93",0.00027156627799622537
637,value__approximate_entropy__m_2__r_0.9,0.00027021133914544623
685,value__lempel_ziv_complexity__bins_10,0.0002665186013511467
478,"value__fft_coefficient__attr_""abs""__coeff_49",0.0002614320037839853
238,"value__fft_coefficient__attr_""real""__coeff_8",0.00025533907654971626
459,"value__fft_coefficient__attr_""abs""__coeff_30",0.0002495100863859124
640,"value__agg_linear_trend__attr_""intercept""__chunk_len_5__f_agg_""max""",0.00024573724276837517
347,"value__fft_coefficient__attr_""imag""__coeff_18",0.00024509727180514377
77,"value__agg_autocorrelation__f_agg_""mean""__maxlag_40",0.0002413497832548917
600,"value__fft_coefficient__attr_""angle""__coeff_72",0.00024041473769770185
152,"value__cwt_coefficients__coeff_14__w_2__widths_(2, 5, 10, 20)",0.00024024511792641347
210,"value__change_quantiles__f_agg_""mean""__isabs_False__qh_0.8__ql_0.4",0.00023993229350609144
586,"value__fft_coefficient__attr_""angle""__coeff_58",0.0002393517871208154
587,"value__fft_coefficient__attr_""angle""__coeff_59",0.00023880961054446962
261,"value__fft_coefficient__attr_""real""__coeff_31",0.00023771197147498763
418,"value__fft_coefficient__attr_""imag""__coeff_89",0.00023726301146022118
333,"value__fft_coefficient__attr_""imag""__coeff_4",0.00023270009519708932
523,"value__fft_coefficient__attr_""abs""__coeff_94",0.00022854365616297207
36,value__time_reversal_asymmetry_statistic__lag_2,0.00022814496776769704
631,value__value_count__value_1,0.00022761061411716695
388,"value__fft_coefficient__attr_""imag""__coeff_59",0.0002233418578461548
541,"value__fft_coefficient__attr_""angle""__coeff_13",0.00022330751388573505
497,"value__fft_coefficient__attr_""abs""__coeff_68",0.0002222957979700744
530,"value__fft_coefficient__attr_""angle""__coeff_2",0.0002182687960201442
419,"value__fft_coefficient__attr_""imag""__coeff_90",0.00021795492119030011
243,"value__fft_coefficient__attr_""real""__coeff_13",0.00021349876165459243
670,value__energy_ratio_by_chunks__num_segments_10__segment_focus_4,0.0002129099163957861
218,"value__change_quantiles__f_agg_""mean""__isabs_False__qh_0.8__ql_0.6",0.0002113645404138229
324,"value__fft_coefficient__attr_""real""__coeff_94",0.00020648939696229314
357,"value__fft_coefficient__attr_""imag""__coeff_28",0.00020648848347126273
567,"value__fft_coefficient__attr_""angle""__coeff_39",0.00020538156797953873
124,"value__cwt_coefficients__coeff_7__w_2__widths_(2, 5, 10, 20)",0.00020379332283561752
622,"value__fft_coefficient__attr_""angle""__coeff_94",0.00019947945472369006
448,"value__fft_coefficient__attr_""abs""__coeff_19",0.00019922431097474155
516,"value__fft_coefficient__attr_""abs""__coeff_87",0.00019829163075577827
610,"value__fft_coefficient__attr_""angle""__coeff_82",0.00019285359897196214
393,"value__fft_coefficient__attr_""imag""__coeff_64",0.00019168655674598674
619,"value__fft_coefficient__attr_""angle""__coeff_91",0.00019148386274889232
265,"value__fft_coefficient__attr_""real""__coeff_35",0.00019103852605295498
549,"value__fft_coefficient__attr_""angle""__coeff_21",0.00018981169792939577
568,"value__fft_coefficient__attr_""angle""__coeff_40",0.0001872515451721307
679,value__ratio_beyond_r_sigma__r_2,0.0001850490455928371
194,"value__change_quantiles__f_agg_""mean""__isabs_False__qh_0.6__ql_0.2",0.00018152248679923578
585,"value__fft_coefficient__attr_""angle""__coeff_57",0.0001808333237694435
474,"value__fft_coefficient__attr_""abs""__coeff_45",0.0001805892601312577
266,"value__fft_coefficient__attr_""real""__coeff_36",0.00017829496814171275
538,"value__fft_coefficient__attr_""angle""__coeff_10",0.00017732060316708352
285,"value__fft_coefficient__attr_""real""__coeff_55",0.00017644085292928318
216,"value__change_quantiles__f_agg_""mean""__isabs_True__qh_1.0__ql_0.4",0.00017592281584588812
616,"value__fft_coefficient__attr_""angle""__coeff_88",0.00016960610885748665
605,"value__fft_coefficient__attr_""angle""__coeff_77",0.00016930035647592579
636,value__approximate_entropy__m_2__r_0.7,0.00016640968249015566
653,"value__agg_linear_trend__attr_""slope""__chunk_len_5__f_agg_""min""",0.00016517659212645497
262,"value__fft_coefficient__attr_""real""__coeff_32",0.00016493945049672447
397,"value__fft_coefficient__attr_""imag""__coeff_68",0.00016236700691746789
468,"value__fft_coefficient__attr_""abs""__coeff_39",0.0001607624508245879
369,"value__fft_coefficient__attr_""imag""__coeff_40",0.000157254787567227
576,"value__fft_coefficient__attr_""angle""__coeff_48",0.00015245779069907094
426,"value__fft_coefficient__attr_""imag""__coeff_97",0.00015143736443676476
232,"value__fft_coefficient__attr_""real""__coeff_2",0.0001512931784978996
440,"value__fft_coefficient__attr_""abs""__coeff_11",0.00015105264201107404
368,"value__fft_coefficient__attr_""imag""__coeff_39",0.00015092576411352058
582,"value__fft_coefficient__attr_""angle""__coeff_54",0.00015053782695917926
332,"value__fft_coefficient__attr_""imag""__coeff_3",0.0001499327856425775
144,"value__cwt_coefficients__coeff_12__w_2__widths_(2, 5, 10, 20)",0.000149630775899295
269,"value__fft_coefficient__attr_""real""__coeff_39",0.00014949417439944764
400,"value__fft_coefficient__attr_""imag""__coeff_71",0.00014735806907397814
580,"value__fft_coefficient__attr_""angle""__coeff_52",0.00014700645998679606
85,value__number_peaks__n_10,0.00014375428686894614
84,value__number_peaks__n_5,0.00014327793629068493
34,value__benford_correlation,0.0001423934494721603
391,"value__fft_coefficient__attr_""imag""__coeff_62",0.00014214477186624873
30,value__sample_entropy,0.00014139664829535483
163,value__ar_coefficient__coeff_4__k_10,0.00013945737854941475
508,"value__fft_coefficient__attr_""abs""__coeff_79",0.00013731183802520643
167,value__ar_coefficient__coeff_8__k_10,0.00013355795380892325
253,"value__fft_coefficient__attr_""real""__coeff_23",0.0001327071084044767
222,"value__change_quantiles__f_agg_""mean""__isabs_False__qh_1.0__ql_0.6",0.00012958536357782885
557,"value__fft_coefficient__attr_""angle""__coeff_29",0.00012766391400045066
532,"value__fft_coefficient__attr_""angle""__coeff_4",0.00012707089698954594
676,value__ratio_beyond_r_sigma__r_0.5,0.0001268383148118471
453,"value__fft_coefficient__attr_""abs""__coeff_24",0.00012593935874539267
526,"value__fft_coefficient__attr_""abs""__coeff_97",0.0001249079708928904
669,value__energy_ratio_by_chunks__num_segments_10__segment_focus_3,0.00012368932480397548
211,"value__change_quantiles__f_agg_""var""__isabs_False__qh_0.8__ql_0.4",0.00012318237494025514
452,"value__fft_coefficient__attr_""abs""__coeff_23",0.0001225437524303325
274,"value__fft_coefficient__attr_""real""__coeff_44",0.00012239711538790756
240,"value__fft_coefficient__attr_""real""__coeff_10",0.00012122784902684221
340,"value__fft_coefficient__attr_""imag""__coeff_11",0.00012116564722000723
99,"value__cwt_coefficients__coeff_0__w_20__widths_(2, 5, 10, 20)",0.0001177011949665091
78,"value__agg_autocorrelation__f_agg_""median""__maxlag_40",0.00011764226221962501
389,"value__fft_coefficient__attr_""imag""__coeff_60",0.0001166887092097397
244,"value__fft_coefficient__attr_""real""__coeff_14",0.00011576820819685902
608,"value__fft_coefficient__attr_""angle""__coeff_80",0.00011304051450823448
41,value__cid_ce__normalize_True,0.00011237501251409765
149,"value__cwt_coefficients__coeff_13__w_5__widths_(2, 5, 10, 20)",0.0001118827195953375
233,"value__fft_coefficient__attr_""real""__coeff_3",0.00011121752303007494
311,"value__fft_coefficient__attr_""real""__coeff_81",0.00011034696705100898
607,"value__fft_coefficient__attr_""angle""__coeff_79",0.00010964612535952358
349,"value__fft_coefficient__attr_""imag""__coeff_20",0.00010940255259768222
691,value__permutation_entropy__dimension_7__tau_1,0.00010936035105624912
618,"value__fft_coefficient__attr_""angle""__coeff_90",0.00010791868167306764
178,"value__change_quantiles__f_agg_""mean""__isabs_False__qh_0.6__ql_0.0",0.00010333699838717628
604,"value__fft_coefficient__attr_""angle""__coeff_76",0.00010333502572255157
319,"value__fft_coefficient__attr_""real""__coeff_89",0.00010317973863501361
570,"value__fft_coefficient__attr_""angle""__coeff_42",0.00010265677849457351
276,"value__fft_coefficient__attr_""real""__coeff_46",0.0001011000542483001
258,"value__fft_coefficient__attr_""real""__coeff_28",9.708234041468512e-05
81,value__number_cwt_peaks__n_5,9.458992988643531e-05
414,"value__fft_coefficient__attr_""imag""__coeff_85",9.442057743158347e-05
353,"value__fft_coefficient__attr_""imag""__coeff_24",9.280745408424114e-05
609,"value__fft_coefficient__attr_""angle""__coeff_81",9.203410846727536e-05
337,"value__fft_coefficient__attr_""imag""__coeff_8",9.168612120405182e-05
483,"value__fft_coefficient__attr_""abs""__coeff_54",9.125623006721702e-05
346,"value__fft_coefficient__attr_""imag""__coeff_17",9.070985473187365e-05
100,"value__cwt_coefficients__coeff_1__w_2__widths_(2, 5, 10, 20)",8.965502472989003e-05
606,"value__fft_coefficient__attr_""angle""__coeff_78",8.945964956833944e-05
429,"value__fft_coefficient__attr_""abs""__coeff_0",8.921454451494384e-05
620,"value__fft_coefficient__attr_""angle""__coeff_92",8.528558531180896e-05
137,"value__cwt_coefficients__coeff_10__w_5__widths_(2, 5, 10, 20)",8.469792992350351e-05
613,"value__fft_coefficient__attr_""angle""__coeff_85",8.455142754390194e-05
229,"value__change_quantiles__f_agg_""var""__isabs_True__qh_1.0__ql_0.8",8.453187269889551e-05
121,"value__cwt_coefficients__coeff_6__w_5__widths_(2, 5, 10, 20)",8.439849896691186e-05
665,value__number_crossing_m__m_1,8.378918526099232e-05
405,"value__fft_coefficient__attr_""imag""__coeff_76",8.335921152933021e-05
421,"value__fft_coefficient__attr_""imag""__coeff_92",8.142992895409194e-05
291,"value__fft_coefficient__attr_""real""__coeff_61",7.902880731524967e-05
359,"value__fft_coefficient__attr_""imag""__coeff_30",7.890736192123804e-05
381,"value__fft_coefficient__attr_""imag""__coeff_52",7.872202340926518e-05
507,"value__fft_coefficient__attr_""abs""__coeff_78",7.817985116590414e-05
225,"value__change_quantiles__f_agg_""var""__isabs_True__qh_1.0__ql_0.6",7.744935704785212e-05
377,"value__fft_coefficient__attr_""imag""__coeff_48",7.710254795405018e-05
517,"value__fft_coefficient__attr_""abs""__coeff_88",7.614243009010465e-05
396,"value__fft_coefficient__attr_""imag""__coeff_67",7.590726826428712e-05
681,value__count_below__t_0,7.464040498060324e-05
88,value__index_mass_quantile__q_0.1,7.427351396322442e-05
522,"value__fft_coefficient__attr_""abs""__coeff_93",7.360800074220762e-05
310,"value__fft_coefficient__attr_""real""__coeff_80",7.301314883687558e-05
583,"value__fft_coefficient__attr_""angle""__coeff_55",7.262895955712928e-05
187,"value__change_quantiles__f_agg_""var""__isabs_False__qh_1.0__ql_0.0",7.250644739251109e-05
295,"value__fft_coefficient__attr_""real""__coeff_65",7.164937301736146e-05
403,"value__fft_coefficient__attr_""imag""__coeff_74",7.164306523718755e-05
487,"value__fft_coefficient__attr_""abs""__coeff_58",7.043117735163813e-05
339,"value__fft_coefficient__attr_""imag""__coeff_10",7.038904748627416e-05
328,"value__fft_coefficient__attr_""real""__coeff_98",7.015069174339192e-05
122,"value__cwt_coefficients__coeff_6__w_10__widths_(2, 5, 10, 20)",6.933224917451394e-05
98,"value__cwt_coefficients__coeff_0__w_10__widths_(2, 5, 10, 20)",6.927340594349984e-05
257,"value__fft_coefficient__attr_""real""__coeff_27",6.920935385102096e-05
345,"value__fft_coefficient__attr_""imag""__coeff_16",6.798387142516467e-05
119,"value__cwt_coefficients__coeff_5__w_20__widths_(2, 5, 10, 20)",6.764661148488273e-05
373,"value__fft_coefficient__attr_""imag""__coeff_44",6.701653979354069e-05
268,"value__fft_coefficient__attr_""real""__coeff_38",6.656276202660741e-05
503,"value__fft_coefficient__attr_""abs""__coeff_74",6.604227851412003e-05
155,"value__cwt_coefficients__coeff_14__w_20__widths_(2, 5, 10, 20)",6.537542709432557e-05
513,"value__fft_coefficient__attr_""abs""__coeff_84",6.382922878315606e-05
569,"value__fft_coefficient__attr_""angle""__coeff_41",6.322220749804594e-05
315,"value__fft_coefficient__attr_""real""__coeff_85",6.257099720087951e-05
313,"value__fft_coefficient__attr_""real""__coeff_83",6.256546949623255e-05
406,"value__fft_coefficient__attr_""imag""__coeff_77",6.230598709093395e-05
248,"value__fft_coefficient__attr_""real""__coeff_18",6.224441595758512e-05
634,value__approximate_entropy__m_2__r_0.3,6.19874426575972e-05
401,"value__fft_coefficient__attr_""imag""__coeff_72",6.185843822575542e-05
490,"value__fft_coefficient__attr_""abs""__coeff_61",6.156158872954233e-05
411,"value__fft_coefficient__attr_""imag""__coeff_82",5.975431685168261e-05
79,"value__agg_autocorrelation__f_agg_""var""__maxlag_40",5.9619312341651186e-05
161,value__ar_coefficient__coeff_2__k_10,5.9275659630778206e-05
547,"value__fft_coefficient__attr_""angle""__coeff_19",5.84777642172585e-05
402,"value__fft_coefficient__attr_""imag""__coeff_73",5.7799501627379486e-05
95,value__index_mass_quantile__q_0.9,5.647989352157555e-05
536,"value__fft_coefficient__attr_""angle""__coeff_8",5.634754945620853e-05
488,"value__fft_coefficient__attr_""abs""__coeff_59",5.575303122797572e-05
177,"value__change_quantiles__f_agg_""var""__isabs_True__qh_0.4__ql_0.0",5.504931296665164e-05
282,"value__fft_coefficient__attr_""real""__coeff_52",5.151366171516144e-05
455,"value__fft_coefficient__attr_""abs""__coeff_26",5.1228161859112374e-05
476,"value__fft_coefficient__attr_""abs""__coeff_47",5.11793894824528e-05
344,"value__fft_coefficient__attr_""imag""__coeff_15",5.088177809301811e-05
132,"value__cwt_coefficients__coeff_9__w_2__widths_(2, 5, 10, 20)",4.936615358161165e-05
678,value__ratio_beyond_r_sigma__r_1.5,4.9327115694453425e-05
518,"value__fft_coefficient__attr_""abs""__coeff_89",4.8608312240151926e-05
477,"value__fft_coefficient__attr_""abs""__coeff_48",4.736931769898225e-05
677,value__ratio_beyond_r_sigma__r_1,4.674407904827621e-05
543,"value__fft_coefficient__attr_""angle""__coeff_15",4.5837904089761946e-05
259,"value__fft_coefficient__attr_""real""__coeff_29",4.5574851930913396e-05
288,"value__fft_coefficient__attr_""real""__coeff_58",4.530594930262266e-05
463,"value__fft_coefficient__attr_""abs""__coeff_34",4.512867928242635e-05
283,"value__fft_coefficient__attr_""real""__coeff_53",4.512140651149551e-05
318,"value__fft_coefficient__attr_""real""__coeff_88",4.419966724684685e-05
592,"value__fft_coefficient__attr_""angle""__coeff_64",4.378319009571308e-05
534,"value__fft_coefficient__attr_""angle""__coeff_6",4.333370224660541e-05
204,"value__change_quantiles__f_agg_""mean""__isabs_True__qh_1.0__ql_0.2",4.3332699269717574e-05
504,"value__fft_coefficient__attr_""abs""__coeff_75",4.329493537600126e-05
371,"value__fft_coefficient__attr_""imag""__coeff_42",4.328605286106466e-05
186,"value__change_quantiles__f_agg_""mean""__isabs_False__qh_1.0__ql_0.0",4.323052323624102e-05
7,value__mean_second_derivative_central,4.317916800551021e-05
380,"value__fft_coefficient__attr_""imag""__coeff_51",4.271968540320235e-05
235,"value__fft_coefficient__attr_""real""__coeff_5",4.249160942446227e-05
417,"value__fft_coefficient__attr_""imag""__coeff_88",4.223359090207993e-05
105,"value__cwt_coefficients__coeff_2__w_5__widths_(2, 5, 10, 20)",4.219708501881759e-05
174,"value__change_quantiles__f_agg_""mean""__isabs_False__qh_0.4__ql_0.0",4.1994906500867736e-05
506,"value__fft_coefficient__attr_""abs""__coeff_77",4.190500856387713e-05
20,value__count_below_mean,4.12067374236921e-05
320,"value__fft_coefficient__attr_""real""__coeff_90",4.101251975864455e-05
392,"value__fft_coefficient__attr_""imag""__coeff_63",4.063722941754488e-05
633,value__approximate_entropy__m_2__r_0.1,4.063658686522035e-05
552,"value__fft_coefficient__attr_""angle""__coeff_24",3.986925983561155e-05
686,value__lempel_ziv_complexity__bins_100,3.967743451221007e-05
254,"value__fft_coefficient__attr_""real""__coeff_24",3.961874537687219e-05
428,"value__fft_coefficient__attr_""imag""__coeff_99",3.9005479454191806e-05
200,"value__change_quantiles__f_agg_""mean""__isabs_True__qh_0.8__ql_0.2",3.881468697615224e-05
565,"value__fft_coefficient__attr_""angle""__coeff_37",3.8775962317017976e-05
303,"value__fft_coefficient__attr_""real""__coeff_73",3.8525874852525867e-05
260,"value__fft_coefficient__attr_""real""__coeff_30",3.774317778382667e-05
663,"value__agg_linear_trend__attr_""slope""__chunk_len_50__f_agg_""var""",3.756613798135731e-05
626,"value__fft_coefficient__attr_""angle""__coeff_98",3.731789644095236e-05
502,"value__fft_coefficient__attr_""abs""__coeff_73",3.714014869858128e-05
96,"value__cwt_coefficients__coeff_0__w_2__widths_(2, 5, 10, 20)",3.6993930202973394e-05
110,"value__cwt_coefficients__coeff_3__w_10__widths_(2, 5, 10, 20)",3.688218290067886e-05
195,"value__change_quantiles__f_agg_""var""__isabs_False__qh_0.6__ql_0.2",3.657238042289953e-05
510,"value__fft_coefficient__attr_""abs""__coeff_81",3.607235473881971e-05
300,"value__fft_coefficient__attr_""real""__coeff_70",3.5381557615515955e-05
563,"value__fft_coefficient__attr_""angle""__coeff_35",3.5380658404433225e-05
470,"value__fft_coefficient__attr_""abs""__coeff_41",3.4940520834164596e-05
479,"value__fft_coefficient__attr_""abs""__coeff_50",3.481698705779863e-05
639,"value__linear_trend__attr_""slope""",3.469827399799449e-05
399,"value__fft_coefficient__attr_""imag""__coeff_70",3.461073585046694e-05
641,"value__agg_linear_trend__attr_""intercept""__chunk_len_5__f_agg_""min""",3.421574984677151e-05
475,"value__fft_coefficient__attr_""abs""__coeff_46",3.321777050368777e-05
102,"value__cwt_coefficients__coeff_1__w_10__widths_(2, 5, 10, 20)",3.320350290277857e-05
139,"value__cwt_coefficients__coeff_10__w_20__widths_(2, 5, 10, 20)",3.195365032833513e-05
299,"value__fft_coefficient__attr_""real""__coeff_69",3.1929219278994145e-05
234,"value__fft_coefficient__attr_""real""__coeff_4",3.177301447912256e-05
458,"value__fft_coefficient__attr_""abs""__coeff_29",3.1493541542386683e-05
492,"value__fft_coefficient__attr_""abs""__coeff_63",3.144115207598057e-05
556,"value__fft_coefficient__attr_""angle""__coeff_28",3.125759796714419e-05
364,"value__fft_coefficient__attr_""imag""__coeff_35",3.119127906028664e-05
662,"value__agg_linear_trend__attr_""slope""__chunk_len_50__f_agg_""mean""",3.0507481611582505e-05
125,"value__cwt_coefficients__coeff_7__w_5__widths_(2, 5, 10, 20)",3.0245255248386744e-05
26,value__percentage_of_reoccurring_datapoints_to_all_datapoints,3.0055772548327972e-05
358,"value__fft_coefficient__attr_""imag""__coeff_29",2.9477346546633352e-05
286,"value__fft_coefficient__attr_""real""__coeff_56",2.9306145163135534e-05
546,"value__fft_coefficient__attr_""angle""__coeff_18",2.925542489471113e-05
387,"value__fft_coefficient__attr_""imag""__coeff_58",2.9044040656243293e-05
170,"value__change_quantiles__f_agg_""mean""__isabs_False__qh_0.2__ql_0.0",2.8874180599287663e-05
316,"value__fft_coefficient__attr_""real""__coeff_86",2.8201895216152937e-05
182,"value__change_quantiles__f_agg_""mean""__isabs_False__qh_0.8__ql_0.0",2.7938287816999e-05
343,"value__fft_coefficient__attr_""imag""__coeff_14",2.7914432446297797e-05
330,"value__fft_coefficient__attr_""imag""__coeff_1",2.7904965526626732e-05
176,"value__change_quantiles__f_agg_""mean""__isabs_True__qh_0.4__ql_0.0",2.7854219697160476e-05
644,"value__agg_linear_trend__attr_""intercept""__chunk_len_10__f_agg_""max""",2.771209054012186e-05
284,"value__fft_coefficient__attr_""real""__coeff_54",2.764970776880524e-05
135,"value__cwt_coefficients__coeff_9__w_20__widths_(2, 5, 10, 20)",2.6957310372193176e-05
29,value__ratio_value_number_to_time_series_length,2.6268738643456665e-05
386,"value__fft_coefficient__attr_""imag""__coeff_57",2.5583925209127192e-05
246,"value__fft_coefficient__attr_""real""__coeff_16",2.4538783031998492e-05
524,"value__fft_coefficient__attr_""abs""__coeff_95",2.4536610478148346e-05
491,"value__fft_coefficient__attr_""abs""__coeff_62",2.434363104209887e-05
247,"value__fft_coefficient__attr_""real""__coeff_17",2.405833301609388e-05
103,"value__cwt_coefficients__coeff_1__w_20__widths_(2, 5, 10, 20)",2.3989911240228284e-05
540,"value__fft_coefficient__attr_""angle""__coeff_12",2.390528059038094e-05
461,"value__fft_coefficient__attr_""abs""__coeff_32",2.3890585577607955e-05
49,value__symmetry_looking__r_0.35000000000000003,2.3797202036803773e-05
131,"value__cwt_coefficients__coeff_8__w_20__widths_(2, 5, 10, 20)",2.3626406631259006e-05
623,"value__fft_coefficient__attr_""angle""__coeff_95",2.3369464424181468e-05
342,"value__fft_coefficient__attr_""imag""__coeff_13",2.3097128613130822e-05
75,value__quantile__q_0.8,2.2812842346890503e-05
199,"value__change_quantiles__f_agg_""var""__isabs_False__qh_0.8__ql_0.2",2.2727418488560484e-05
128,"value__cwt_coefficients__coeff_8__w_2__widths_(2, 5, 10, 20)",2.252083883019969e-05
664,value__number_crossing_m__m_0,2.2333176483785547e-05
22,value__first_location_of_maximum,2.2196484848695842e-05
535,"value__fft_coefficient__attr_""angle""__coeff_7",2.162474445017415e-05
577,"value__fft_coefficient__attr_""angle""__coeff_49",2.1329756725755817e-05
245,"value__fft_coefficient__attr_""real""__coeff_15",2.1159881963252703e-05
331,"value__fft_coefficient__attr_""imag""__coeff_2",2.0679260616627915e-05
143,"value__cwt_coefficients__coeff_11__w_20__widths_(2, 5, 10, 20)",2.0462676450757986e-05
481,"value__fft_coefficient__attr_""abs""__coeff_52",2.037799641004301e-05
18,value__longest_strike_above_mean,1.9720070126037295e-05
207,"value__change_quantiles__f_agg_""var""__isabs_False__qh_0.6__ql_0.4",1.955304135095319e-05
422,"value__fft_coefficient__attr_""imag""__coeff_93",1.9105183785587945e-05
562,"value__fft_coefficient__attr_""angle""__coeff_34",1.9072433383391927e-05
559,"value__fft_coefficient__attr_""angle""__coeff_31",1.880142593363578e-05
420,"value__fft_coefficient__attr_""imag""__coeff_91",1.8386315444567548e-05
80,value__number_cwt_peaks__n_1,1.8163535582113068e-05
531,"value__fft_coefficient__attr_""angle""__coeff_3",1.7786137984908705e-05
236,"value__fft_coefficient__attr_""real""__coeff_6",1.722369052255768e-05
648,"value__agg_linear_trend__attr_""intercept""__chunk_len_50__f_agg_""max""",1.695227809118948e-05
138,"value__cwt_coefficients__coeff_10__w_10__widths_(2, 5, 10, 20)",1.67989008764284e-05
6,value__mean_change,1.6771598479875805e-05
190,"value__change_quantiles__f_agg_""mean""__isabs_False__qh_0.4__ql_0.2",1.6655051328950536e-05
372,"value__fft_coefficient__attr_""imag""__coeff_43",1.647962582802125e-05
545,"value__fft_coefficient__attr_""angle""__coeff_17",1.6417065291123543e-05
43,value__symmetry_looking__r_0.05,1.6280017990206435e-05
489,"value__fft_coefficient__attr_""abs""__coeff_60",1.61689941271151e-05
655,"value__agg_linear_trend__attr_""slope""__chunk_len_5__f_agg_""var""",1.580047885979422e-05
427,"value__fft_coefficient__attr_""imag""__coeff_98",1.556459075978101e-05
500,"value__fft_coefficient__attr_""abs""__coeff_71",1.5370077647653407e-05
158,value__spkt_welch_density__coeff_8,1.523535665834809e-05
173,"value__change_quantiles__f_agg_""var""__isabs_True__qh_0.2__ql_0.0",1.5122414526751727e-05
514,"value__fft_coefficient__attr_""abs""__coeff_85",1.4884866921885712e-05
352,"value__fft_coefficient__attr_""imag""__coeff_23",1.4658461995210823e-05
628,"value__fft_aggregated__aggtype_""centroid""",1.4450212119813973e-05
498,"value__fft_coefficient__attr_""abs""__coeff_69",1.4407475828344182e-05
157,value__spkt_welch_density__coeff_5,1.4274383705488221e-05
574,"value__fft_coefficient__attr_""angle""__coeff_46",1.4090116018344377e-05
374,"value__fft_coefficient__attr_""imag""__coeff_45",1.4089477218667014e-05
564,"value__fft_coefficient__attr_""angle""__coeff_36",1.3999799680264594e-05
206,"value__change_quantiles__f_agg_""mean""__isabs_False__qh_0.6__ql_0.4",1.3960474021444826e-05
366,"value__fft_coefficient__attr_""imag""__coeff_37",1.3641841459104213e-05
171,"value__change_quantiles__f_agg_""var""__isabs_False__qh_0.2__ql_0.0",1.3496003673324338e-05
390,"value__fft_coefficient__attr_""imag""__coeff_61",1.3455618378887788e-05
672,value__energy_ratio_by_chunks__num_segments_10__segment_focus_6,1.3301173668630868e-05
273,"value__fft_coefficient__attr_""real""__coeff_43",1.316884122538595e-05
115,"value__cwt_coefficients__coeff_4__w_20__widths_(2, 5, 10, 20)",1.3164601865325168e-05
146,"value__cwt_coefficients__coeff_12__w_10__widths_(2, 5, 10, 20)",1.3147437455211921e-05
554,"value__fft_coefficient__attr_""angle""__coeff_26",1.2746237625880207e-05
214,"value__change_quantiles__f_agg_""mean""__isabs_False__qh_1.0__ql_0.4",1.2694658946930757e-05
444,"value__fft_coefficient__attr_""abs""__coeff_15",1.2371442805754126e-05
202,"value__change_quantiles__f_agg_""mean""__isabs_False__qh_1.0__ql_0.2",1.232433440753389e-05
654,"value__agg_linear_trend__attr_""slope""__chunk_len_5__f_agg_""mean""",1.1926589892097311e-05
351,"value__fft_coefficient__attr_""imag""__coeff_22",1.1910275143211391e-05
127,"value__cwt_coefficients__coeff_7__w_20__widths_(2, 5, 10, 20)",1.181886088905164e-05
657,"value__agg_linear_trend__attr_""slope""__chunk_len_10__f_agg_""min""",1.1565979261929101e-05
464,"value__fft_coefficient__attr_""abs""__coeff_35",1.1416437693554883e-05
680,value__ratio_beyond_r_sigma__r_2.5,1.122879271584726e-05
525,"value__fft_coefficient__attr_""abs""__coeff_96",1.0976910967544738e-05
23,value__last_location_of_minimum,1.095160457857553e-05
114,"value__cwt_coefficients__coeff_4__w_10__widths_(2, 5, 10, 20)",1.0894501063671345e-05
630,value__value_count__value_0,1.0635422369315015e-05
515,"value__fft_coefficient__attr_""abs""__coeff_86",1.0632837350515465e-05
13,value__skewness,1.0546658180840156e-05
11,value__variation_coefficient,1.0498252720496631e-05
336,"value__fft_coefficient__attr_""imag""__coeff_7",1.0406030120414424e-05
690,value__permutation_entropy__dimension_6__tau_1,1.0390357934268544e-05
430,"value__fft_coefficient__attr_""abs""__coeff_1",1.0379164369211106e-05
611,"value__fft_coefficient__attr_""angle""__coeff_83",1.0307872148979396e-05
689,value__permutation_entropy__dimension_5__tau_1,1.0138654263875514e-05
279,"value__fft_coefficient__attr_""real""__coeff_49",1.001352521877583e-05
175,"value__change_quantiles__f_agg_""var""__isabs_False__qh_0.4__ql_0.0",9.550039647356938e-06
250,"value__fft_coefficient__attr_""real""__coeff_20",9.489191941234308e-06
14,value__kurtosis,9.35469676119105e-06
378,"value__fft_coefficient__attr_""imag""__coeff_49",9.277186677474361e-06
160,value__ar_coefficient__coeff_1__k_10,9.081837641583518e-06
687,value__permutation_entropy__dimension_3__tau_1,8.960028060755009e-06
272,"value__fft_coefficient__attr_""real""__coeff_42",8.875756058242103e-06
423,"value__fft_coefficient__attr_""imag""__coeff_94",8.865471548945184e-06
28,value__sum_of_reoccurring_data_points,8.796032090094649e-06
341,"value__fft_coefficient__attr_""imag""__coeff_12",8.77220144338823e-06
571,"value__fft_coefficient__attr_""angle""__coeff_43",8.624263106924967e-06
184,"value__change_quantiles__f_agg_""mean""__isabs_True__qh_0.8__ql_0.0",8.54273371861175e-06
107,"value__cwt_coefficients__coeff_2__w_20__widths_(2, 5, 10, 20)",8.486822005099065e-06
129,"value__cwt_coefficients__coeff_8__w_5__widths_(2, 5, 10, 20)",8.429701053630234e-06
412,"value__fft_coefficient__attr_""imag""__coeff_83",8.418855168193788e-06
118,"value__cwt_coefficients__coeff_5__w_10__widths_(2, 5, 10, 20)",8.231772887703327e-06
217,"value__change_quantiles__f_agg_""var""__isabs_True__qh_1.0__ql_0.4",8.220036967449307e-06
652,"value__agg_linear_trend__attr_""slope""__chunk_len_5__f_agg_""max""",7.5237185891661235e-06
668,value__energy_ratio_by_chunks__num_segments_10__segment_focus_2,7.464533448536156e-06
625,"value__fft_coefficient__attr_""angle""__coeff_97",7.310048973655348e-06
19,value__count_above_mean,7.291709776270718e-06
446,"value__fft_coefficient__attr_""abs""__coeff_17",7.066453892186634e-06
293,"value__fft_coefficient__attr_""real""__coeff_63",6.962428141149165e-06
89,value__index_mass_quantile__q_0.2,6.7834282942640215e-06
533,"value__fft_coefficient__attr_""angle""__coeff_5",6.768947503621084e-06
465,"value__fft_coefficient__attr_""abs""__coeff_36",6.768525310487089e-06
548,"value__fft_coefficient__attr_""angle""__coeff_20",6.749348740200115e-06
120,"value__cwt_coefficients__coeff_6__w_2__widths_(2, 5, 10, 20)",6.7329179060472245e-06
688,value__permutation_entropy__dimension_4__tau_1,6.551855297852681e-06
312,"value__fft_coefficient__attr_""real""__coeff_82",6.476231018113948e-06
38,value__c3__lag_1,6.463872276069958e-06
213,"value__change_quantiles__f_agg_""var""__isabs_True__qh_0.8__ql_0.4",6.378083956767096e-06
354,"value__fft_coefficient__attr_""imag""__coeff_25",6.368535111278205e-06
292,"value__fft_coefficient__attr_""real""__coeff_62",6.321776614417528e-06
471,"value__fft_coefficient__attr_""abs""__coeff_42",6.26500007718219e-06
651,"value__agg_linear_trend__attr_""intercept""__chunk_len_50__f_agg_""var""",6.148741284999052e-06
27,value__sum_of_reoccurring_values,5.780716685249307e-06
317,"value__fft_coefficient__attr_""real""__coeff_87",5.719153961893776e-06
305,"value__fft_coefficient__attr_""real""__coeff_75",5.672660397204982e-06
350,"value__fft_coefficient__attr_""imag""__coeff_21",5.212635810116817e-06
290,"value__fft_coefficient__attr_""real""__coeff_60",5.135689956961802e-06
289,"value__fft_coefficient__attr_""real""__coeff_59",5.1144103935282695e-06
185,"value__change_quantiles__f_agg_""var""__isabs_True__qh_0.8__ql_0.0",5.056566497542175e-06
192,"value__change_quantiles__f_agg_""mean""__isabs_True__qh_0.4__ql_0.2",4.950788683584364e-06
205,"value__change_quantiles__f_agg_""var""__isabs_True__qh_1.0__ql_0.2",4.776026989662253e-06
181,"value__change_quantiles__f_agg_""var""__isabs_True__qh_0.6__ql_0.0",4.706989755235064e-06
180,"value__change_quantiles__f_agg_""mean""__isabs_True__qh_0.6__ql_0.0",4.582783461257246e-06
172,"value__change_quantiles__f_agg_""mean""__isabs_True__qh_0.2__ql_0.0",4.558062654151937e-06
614,"value__fft_coefficient__attr_""angle""__coeff_86",4.502342968534035e-06
425,"value__fft_coefficient__attr_""imag""__coeff_96",4.422856547480011e-06
434,"value__fft_coefficient__attr_""abs""__coeff_5",4.4213487648210974e-06
126,"value__cwt_coefficients__coeff_7__w_10__widths_(2, 5, 10, 20)",4.417524714831075e-06
301,"value__fft_coefficient__attr_""real""__coeff_71",4.3565855492480815e-06
12,value__variance,4.26259335812782e-06
134,"value__cwt_coefficients__coeff_9__w_10__widths_(2, 5, 10, 20)",4.114550956907879e-06
385,"value__fft_coefficient__attr_""imag""__coeff_56",4.108931126416333e-06
595,"value__fft_coefficient__attr_""angle""__coeff_67",4.052898989737376e-06
151,"value__cwt_coefficients__coeff_13__w_20__widths_(2, 5, 10, 20)",4.048669612094053e-06
156,value__spkt_welch_density__coeff_2,4.039744795831073e-06
485,"value__fft_coefficient__attr_""abs""__coeff_56",4.025400650095613e-06
130,"value__cwt_coefficients__coeff_8__w_10__widths_(2, 5, 10, 20)",3.903335716739807e-06
443,"value__fft_coefficient__attr_""abs""__coeff_14",3.88582343660567e-06
656,"value__agg_linear_trend__attr_""slope""__chunk_len_10__f_agg_""max""",3.63138680762887e-06
365,"value__fft_coefficient__attr_""imag""__coeff_36",3.5480368193081163e-06
472,"value__fft_coefficient__attr_""abs""__coeff_43",3.5423965289142512e-06
650,"value__agg_linear_trend__attr_""intercept""__chunk_len_50__f_agg_""mean""",3.5079705193186263e-06
384,"value__fft_coefficient__attr_""imag""__coeff_55",3.472885890155116e-06
9,value__mean,3.4609311195019205e-06
179,"value__change_quantiles__f_agg_""var""__isabs_False__qh_0.6__ql_0.0",3.1034174632690386e-06
520,"value__fft_coefficient__attr_""abs""__coeff_91",3.0579008384880166e-06
646,"value__agg_linear_trend__attr_""intercept""__chunk_len_10__f_agg_""mean""",3.0342696402292472e-06
666,value__energy_ratio_by_chunks__num_segments_10__segment_focus_0,2.834592277176987e-06
230,"value__fft_coefficient__attr_""real""__coeff_0",2.6750012974983905e-06
529,"value__fft_coefficient__attr_""angle""__coeff_1",2.5696035444123827e-06
73,value__quantile__q_0.6,2.5570552359946636e-06
123,"value__cwt_coefficients__coeff_6__w_20__widths_(2, 5, 10, 20)",2.4970388910435757e-06
97,"value__cwt_coefficients__coeff_0__w_5__widths_(2, 5, 10, 20)",2.457978826299719e-06
40,value__c3__lag_3,2.4232252997753116e-06
647,"value__agg_linear_trend__attr_""intercept""__chunk_len_10__f_agg_""var""",2.3592006266461114e-06
197,"value__change_quantiles__f_agg_""var""__isabs_True__qh_0.6__ql_0.2",2.322448229636784e-06
35,value__time_reversal_asymmetry_statistic__lag_1,2.3187728790555553e-06
209,"value__change_quantiles__f_agg_""var""__isabs_True__qh_0.6__ql_0.4",2.157647992078969e-06
638,"value__linear_trend__attr_""intercept""",2.144402983895025e-06
594,"value__fft_coefficient__attr_""angle""__coeff_66",2.1252186238536075e-06
191,"value__change_quantiles__f_agg_""var""__isabs_False__qh_0.4__ql_0.2",2.1248016448978422e-06
188,"value__change_quantiles__f_agg_""mean""__isabs_True__qh_1.0__ql_0.0",2.1211833673398224e-06
447,"value__fft_coefficient__attr_""abs""__coeff_18",2.106357697975332e-06
449,"value__fft_coefficient__attr_""abs""__coeff_20",2.0837083465784384e-06
467,"value__fft_coefficient__attr_""abs""__coeff_38",1.9854377188891062e-06
454,"value__fft_coefficient__attr_""abs""__coeff_25",1.9239535358974435e-06
109,"value__cwt_coefficients__coeff_3__w_5__widths_(2, 5, 10, 20)",1.8375484563246084e-06
56,value__symmetry_looking__r_0.7000000000000001,1.6552438149412018e-06
658,"value__agg_linear_trend__attr_""slope""__chunk_len_10__f_agg_""mean""",1.6223285814660824e-06
505,"value__fft_coefficient__attr_""abs""__coeff_76",1.4933628328246154e-06
212,"value__change_quantiles__f_agg_""mean""__isabs_True__qh_0.8__ql_0.4",1.4691521304544343e-06
542,"value__fft_coefficient__attr_""angle""__coeff_14",1.226341013066839e-06
356,"value__fft_coefficient__attr_""imag""__coeff_27",1.0277177785343004e-06
442,"value__fft_coefficient__attr_""abs""__coeff_13",8.673926527843688e-07
44,value__symmetry_looking__r_0.1,8.287230921858867e-07
42,value__cid_ce__normalize_False,7.178103822431496e-07
642,"value__agg_linear_trend__attr_""intercept""__chunk_len_5__f_agg_""mean""",6.499710702100772e-07
598,"value__fft_coefficient__attr_""angle""__coeff_70",6.458806070625232e-07
307,"value__fft_coefficient__attr_""real""__coeff_77",6.313730177688953e-07
441,"value__fft_coefficient__attr_""abs""__coeff_12",6.301444274631959e-07
512,"value__fft_coefficient__attr_""abs""__coeff_83",4.410725184454384e-07
3,value__sum_values,4.068883741326948e-07
111,"value__cwt_coefficients__coeff_3__w_20__widths_(2, 5, 10, 20)",3.9001754434280544e-07
294,"value__fft_coefficient__attr_""real""__coeff_64",2.937714575598339e-07
511,"value__fft_coefficient__attr_""abs""__coeff_82",2.234589011208396e-07
588,"value__fft_coefficient__attr_""angle""__coeff_60",1.3592519003875114e-07
76,value__quantile__q_0.9,1.0009298471417058e-07
46,value__symmetry_looking__r_0.2,8.7077067812582e-09
33,value__minimum,0.0
2,value__has_duplicate_min,0.0
68,value__large_standard_deviation__r_0.35000000000000003,0.0
66,value__large_standard_deviation__r_0.25,0.0
64,value__large_standard_deviation__r_0.15000000000000002,0.0
63,value__large_standard_deviation__r_0.1,0.0
65,value__large_standard_deviation__r_0.2,0.0
61,value__symmetry_looking__r_0.9500000000000001,0.0
58,value__symmetry_looking__r_0.8,0.0
50,value__symmetry_looking__r_0.4,0.0
52,value__symmetry_looking__r_0.5,0.0
51,value__symmetry_looking__r_0.45,0.0
53,value__symmetry_looking__r_0.55,0.0
54,value__symmetry_looking__r_0.6000000000000001,0.0
55,value__symmetry_looking__r_0.65,0.0
57,value__symmetry_looking__r_0.75,0.0
62,value__large_standard_deviation__r_0.05,0.0
59,value__symmetry_looking__r_0.8500000000000001,0.0
60,value__symmetry_looking__r_0.9,0.0
45,value__symmetry_looking__r_0.15000000000000002,0.0
47,value__symmetry_looking__r_0.25,0.0
48,value__symmetry_looking__r_0.30000000000000004,0.0
1,value__has_duplicate_max,0.0
0,value__variance_larger_than_standard_deviation,0.0
